Image_ID,PSNR
1,0.7037570908308919
2,7.862879223350653
3,5.478613088403538
4,7.938003404861156
5,-1.5997181937343687
