Image_ID,SSIM
1,0.9551088118743897
2,0.9785255554199219
3,0.9651104796218872
4,0.979209849820137
5,0.9588452094173432
