Image_ID,PSNR
1,-15.407106280413348
2,8.211320795917088
3,5.39177140249712
4,7.931054319024131
5,5.660177996409603
