Image_ID,SSIM
1,0.9307137076858543
2,0.9793937801494599
3,0.9620241221523285
4,0.9788220451221467
5,0.9633789617042542
