Image_ID,PSNR
1,4.64691614752199
2,8.43897843065597
3,5.23588853112696
4,8.254267222807755
5,5.568126435053902
