Image_ID,SSIM
1,0.9599360670089722
2,0.9802070243501663
3,0.960961395483017
4,0.9794708289651871
5,0.9617443848295212
