Image_ID,PSNR
1,3.9046590883872745
2,7.896325285450975
3,5.552097942793432
4,7.959891626094708
5,5.047716432634086
