Image_ID,SSIM
1,0.9598385227251053
2,0.9785487792758941
3,0.9651946377534867
4,0.9792244326152801
5,0.9650614627237319
