Image_ID,PSNR
1,-5.63068939722868
2,8.258031946249385
3,5.422609348093774
4,8.088438066950603
5,5.681055924537995
