Image_ID,SSIM
1,0.9463319287754148
2,0.9794237544116974
3,0.9620616241388321
4,0.9789244788408279
5,0.9634021577320099
