Image_ID,PSNR
1,4.8020927874930255
2,8.48096739696951
3,5.397862822656306
4,8.287624701553238
5,5.589410931492824
