Image_ID,SSIM
1,0.9601484298858642
2,0.9802320247821807
3,0.9611521392402649
4,0.9794920254468917
5,0.9617684939517975
